{"nodes":[
{
  
  "nodeName": "Laptop",
  "values": [{
    "period": "201901",
    "value": "5.0"
    },{
    "period": "201902",
    "value": "6.0"
    },{
    "period": "201903",
    "value": "7.0"
    }]
  
},
{
  
  "nodeName": "Monitor",
  "values": [{
    "period": "201901",
    "value": "4.0"
    },{
    "period": "201902",
    "value": "5.0"
    },{
    "period": "201903",
    "value": "6.0"
    }]
  
},
{
  
  "nodeName": "Keyboard",
  "values": [{
    "period": "201901",
    "value": "7.0"
    },{
    "period": "201902", 
    "value": "8.0"
    },{
    "period": "201903",
    "value": "9.0"
    }]
  
},{
  
  "nodeName": "CPU",
  "values": [{
    "period": "201901",
    "value": "2.0"
    },{
    "period": "201902",
    "value": "3.0"
    },{
    "period": "201903",
    "value": "4.0"
    }]
  
},
{
  
  "nodeName": "Samsung",
  "values": [{
    "period": "201812",
    "value": "10"
    },
  	{
    "period": "201901",
    "value": "9.0"
    },{
    "period": "201902",
    "value": "4.0"
    },{
    "period": "201903",
    "value": "7.0"
    }]
  
},{
  
  "nodeName": "Google",
  "values": [{
    "period": "201901",
    "value": "5.0"
    },{
    "period": "201902",
    "value": "2.0"
    },{
    "period": "201903",
    "value": "8.0"
    }]
  
},{
  
  "nodeName": "Apple",
  "values": [{
    "period": "201901",
    "value": "6.0"
    },{
    "period": "201902",
    "value": "2.0"
    },{
    "period": "201903",
    "value": "1.0"
    }]
  
},{
  
  "nodeName": "Batteries",
  "values": [{
    "period": "201901",
    "value": "7.0"
    },{
    "period": "201902",
    "value": "6.0"
    },{
    "period": "201903",
    "value": "9.0"
    }]
  
},{
  
  "nodeName": "Headset",
  "values": [{
    "period": "201901",
    "value": "1.0"
    },{
    "period": "201902",
    "value": "5.0"
    },{
    "period": "201903",
    "value": "3.0"
    }]
  
}]
}
